Organisation name,Identifying details,Total scope 1 emissions (t CO2-e),Total scope 2 emissions (t CO2-e),Net energy consumed (GJ),Important notes
AGL ENERGY LIMITED,74 115 061 375,"42,227,180","512,404","327,755,307",-
ENERGYAUSTRALIA HOLDINGS LIMITED,57 101 876 135,"17,935,957","229,029","147,473,227",-
STANWELL CORPORATION LIMITED,37 078 848 674,"17,126,943","64,484","126,966,249",-
ORIGIN ENERGY LIMITED,30 000 051 696,"15,997,984","2,402,842","143,163,928",-
C S ENERGY LIMITED,54 078 848 745,"13,199,922","127,393","91,862,108","Please note that where more than one person has operational control over a facility at the same time and no nomination of operational control has been made, data for the facility for the entire period must be reported by the controlling corporation of each entity with operational control. This results in the same facility being reported multiple times.
C S ENERGY LIMITED and OZGEN HOLDINGS AUSTRALIA PTY LTD, have each included the same data for the Callide C Power Station in their NGER reports. For further information refer to the 2019-20 greenhouse and energy information for designated generation facilities."
PIONEER SAIL HOLDINGS PTY LIMITED,45 617 844 569,"11,710,974","8,622","98,312,481",-
OZGEN HOLDINGS AUSTRALIA PTY LTD,34 128 655 096,"10,818,788","35,803","77,262,381","Please note that where more than one person has operational control over a facility at the same time and no nomination of operational control has been made, data for the facility for the entire period must be reported by the controlling corporation of each entity with operational control. This results in the same facility being reported multiple times.
C S ENERGY LIMITED and OZGEN HOLDINGS AUSTRALIA PTY LTD, have each included the same data for the Callide C Power Station in their NGER reports. For further information refer to the 2019-20 greenhouse and energy information for designated generation facilities."
CHEVRON AUSTRALIA HOLDINGS PTY LTD,60 098 079 344,"10,206,589","3,782","145,224,469",-
WOODSIDE PETROLEUM LTD.,55 004 898 962,"9,194,216","10,955","155,653,108",-
INPEX HOLDINGS AUSTRALIA PTY LTD,61 150 217 315,"7,623,682","1,038","92,756,911",-
SANTOS LIMITED,80 007 550 923,"7,321,595","573,763","99,466,411",-
RIO TINTO LIMITED,96 004 458 404,"7,267,602","7,736,906","143,043,355",-
NRG VICTORIA I PTY LTD,26 076 286 578,"7,241,154","47,079","54,395,362",-
ANGLO AMERICAN AUSTRALIA LIMITED,47 004 892 371,"7,233,570","826,367","22,241,504",-
DELTA ELECTRICITY PTY LTD,66 620 205 263,"7,074,216","127,812","48,217,285",-
SOUTH32 LIMITED,84 093 732 597,"6,703,813","415,548","60,333,384",-
GLENCORE HOLDINGS PTY LIMITED,41 104 160 689,"6,578,739","1,825,876","58,773,943",-
ALCOA AUSTRALIAN HOLDINGS PTY LTD,33 096 987 370,"6,350,089","4,149,755","126,857,824",-
BLUESCOPE STEEL LIMITED,16 000 011 058,"6,289,327","932,133","74,401,145",-
ELECTRICITY GENERATION AND RETAIL CORPORATION,58 673 830 106,"5,440,780","6,557","45,003,854",-
BHP GROUP LIMITED,49 004 028 077,"3,773,432","1,352,475","63,246,269",-
LIBERTY PRIMARY METALS AUSTRALIA PTY LTD,29 631 112 573,"3,678,068","262,171","31,402,526",-
BM ALLIANCE COAL OPERATIONS PTY LIMITED,67 096 412 752,"3,620,784","1,035,383","34,313,774",-
QANTAS AIRWAYS LIMITED,16 009 661 901,"3,354,498","83,905","49,645,210",-
QUEENSLAND ALUMINA LIMITED,98 009 725 044,"3,141,923","554,085","41,067,648",-
CEMENT AUSTRALIA HOLDINGS PTY LTD,99 001 085 561,"2,686,273","209,354","13,611,339",-
EXXONMOBIL AUSTRALIA PTY LTD,48 091 561 198,"2,435,245","182,407","30,261,290",-
YANCOAL AUSTRALIA LTD,82 111 859 119,"2,242,936","473,636","17,051,273",-
ADBRI LIMITED,15 007 596 018,"2,125,121","207,432","14,286,867",-
PEABODY AUSTRALIA HOLDCO PTY LTD,61 154 820 130,"2,073,303","195,079","10,255,911",-
CONOCOPHILLIPS AUSTRALIA OPERATIONS PTY LTD,28 141 253 787,"2,061,529",335,"40,952,793",-
SHELL ENERGY HOLDINGS AUSTRALIA LIMITED,69 054 260 776,"1,987,031","6,708","30,956,450",-
VIRGIN AUSTRALIA HOLDINGS LIMITED,54 100 686 226,"1,919,212","4,642","27,359,755",-
FORTESCUE METALS GROUP LTD,57 002 594 872,"1,907,353","163,969","29,667,422",-
QGC MIDSTREAM INVESTMENTS PTY LTD,77 130 857 215,"1,793,519",0,"33,370,978",-
CENTENNIAL COAL COMPANY LIMITED,30 003 714 538,"1,727,968","244,595","3,350,561",-
INTERNATIONAL POWER (AUSTRALIA) HOLDINGS PTY LIMITED,70 105 041 209,"1,601,223","5,156","16,989,449",-
CK WILLIAM AUSTRALIA HOLDINGS PTY LTD,14 613 690 243,"1,594,533","425,047","22,210,133",-
ORICA LIMITED,24 004 145 868,"1,581,087","163,886","18,581,826",-
INCITEC PIVOT LIMITED,42 004 080 264,"1,509,346","148,752","29,666,829",-
WHITEHAVEN COAL LIMITED,68 124 425 396,"1,486,587","105,996","6,312,631",-
BLUEWATERS POWER 1 PTY LTD,93 106 034 879,"1,469,272","2,534","11,838,744",-
BLUEWATERS POWER 2 PTY LTD,57 122 896 968,"1,434,244","1,300","11,731,807",-
BORAL LIMITED,13 008 421 761,"1,408,536","326,741","11,650,233",-
APT PIPELINES LIMITED,89 009 666 700,"1,322,249","87,765","16,168,020","Please note that where more than one person has operational control over a facility at the same time and no nomination of operational control has been made, data for the facility for the entire period must be reported by the controlling corporation of each entity with operational control. This results in the same facility being reported multiple times.
APT PIPELINES LIMITED and CLARKE ENERGY (AUSTRALIA) PTY. LTD., have each included the same data for the Daandine Power Station in their NGER reports. For further information refer to the 2019-20 greenhouse and energy information for designated generation facilities."
CITIC PACIFIC MINING MANAGEMENT PTY LTD,64 119 578 371,"1,305,831",182,"24,148,491",-
PECHINEY CONSOLIDATED AUSTRALIA PTY LIMITED,39 076 569 769,"1,203,979","6,780,213","40,509,066",-
QGC UPSTREAM INVESTMENTS PTY LTD,86 131 104 651,"1,165,494","2,580,901","26,597,525",-
YARA AUSTRALIA PTY LTD,77 076 301 221,"1,084,591","10,217","21,644,114",-
VIVA ENERGY GROUP LIMITED,74 626 661 032,"1,000,445","282,152","14,440,620",-
KESTREL COAL GROUP PTY LTD,70 624 655 518,"970,726","133,270","913,564",-
WESFARMERS LIMITED,28 008 984 049,"942,068","649,250","19,385,211",-
POWER GENERATION CORPORATION,72 687 980 755,"926,710",0,"12,426,436",-
TRANSALTA ENERGY (AUSTRALIA) PTY LTD,40 062 135 844,"920,770",56,"12,008,401",-
AUSTRALIAN LOGISTICS ACQUISITION HOLDINGS PTY LIMITED,28 611 628 909,"916,821","107,298","13,537,471",-
QENOS HOLDINGS PTY LTD,62 086 026 968,"824,238","154,698","33,190,183",-
SUEZ AUSTRALIA HOLDING PTY LTD,30 070 452 890,"759,251","550,822","3,979,697",-
CLEANAWAY WASTE MANAGEMENT LIMITED,74 101 155 220,"755,447","43,139","4,363,590",-
SGSP (AUSTRALIA) ASSETS PTY LTD,60 126 327 624,"692,797","289,921","7,231,823",-
BP AUSTRALIA INVESTMENTS PTY LTD,66 102 991 551,"666,498","213,202","11,766,832",-
NEWGEN KWINANA HOLDINGS PTY LTD,68 116 576 955,"664,160",653,"7,029,003",-
WASHINGTON H. SOUL PATTINSON AND COMPANY LIMITED,49 000 002 728,"659,151","87,902","4,649,338",-
FITZROY (CQ) PTY LTD,61 103 902 389,"656,338","57,205","499,640",-
CORONADO AUSTRALIA HOLDINGS PTY LTD,23 623 524 989,"614,990","206,230","5,088,668",-
IDEMITSU AUSTRALIA RESOURCES PTY LTD,45 010 236 272,"607,301","88,051","3,700,282",-
TRONOX MANAGEMENT PTY LTD,59 009 343 364,"598,750","104,272","10,479,447",-
AUSTRALIAN GAS NETWORKS LIMITED,19 078 551 685,"583,968",693,"2,025,642",-
AMPOL LIMITED,40 004 201 307,"576,611","222,097","9,090,721",-
HANCOCK PROSPECTING PTY LIMITED,69 008 676 417,"567,545","245,904","9,676,563",-
NEWCREST MINING LIMITED,20 005 683 625,"565,199","894,816","13,834,528",-
BHP ENERGY COAL AUSTRALIA PTY LTD,79 057 364 315,"538,612","78,156","7,366,868",-
TOLL HOLDINGS LIMITED,25 006 592 089,"521,475","56,075","7,608,954",-
COMGEN AUSTRALIA PTY. LTD.,17 050 242 441,"520,550","22,039","2,040,763",-
AURIZON HOLDINGS LIMITED,14 146 335 622,"509,118","358,088","8,828,929",-
QCOAL PTY LTD,99 010 911 234,"486,762","58,964","3,899,435",-
BEACH ENERGY LIMITED,20 007 617 969,"469,666","20,215","5,562,853",-
ANGLOGOLD ASHANTI AUSTRALIA LIMITED,42 008 737 424,"458,266",163,"7,906,956",-
MACH AUSTRALIA HOLDINGS PTY LTD,66 608 494 828,"448,683","17,971","1,251,503",-
ARROW ENERGY HOLDINGS PTY LTD,94 141 385 293,"447,361","36,679","6,575,725",-
WOOLWORTHS GROUP LIMITED,88 000 014 675,"416,651","1,934,120","9,149,388",-
PRATT CONSOLIDATED HOLDINGS PTY. LTD.,43 104 958 581,"414,558","868,447","21,000,116",-
NEWMONT AUSTRALIA PTY LTD,95 099 040 507,"403,749","708,677","10,174,706",-
QUBE HOLDINGS LIMITED,14 149 723 053,"401,938","19,527","6,025,535",-
GOLD FIELDS AUSTRALIA PTY LIMITED,91 098 385 285,"393,755","99,947","7,581,191",-
ILUKA RESOURCES LIMITED,34 008 675 018,"384,414","72,930","5,260,711",-
ATCO AUSTRALIA PTY LTD,74 091 033 546,"370,027","2,904","4,531,833",-
CAJOSA PTY LTD,73 002 724 021,"354,683","286,971","6,191,663",-
CLEANCO QUEENSLAND LIMITED,85 628 008 159,"350,388","125,370","4,373,741",-
PAPER AUSTRALIA PTY LTD,63 061 583 533,"349,817","317,659","15,833,944",-
HANSON AUSTRALIA (HOLDINGS) PROPRIETARY LIMITED,48 090 994 657,"342,537","72,647","3,871,933",-
NYRSTAR AUSTRALIA PTY LTD,46 124 535 468,"314,456","202,438","8,296,881",-
ORORA LIMITED,55 004 275 165,"310,131","256,664","6,299,297",-
DOWNER EDI LIMITED,97 003 872 848,"300,875","78,530","4,701,217","Due to restrictions related to the COVID-19 pandemic, data required to meet the requirements of higher order emission estimation methods was not available to the reporter. Reported emissions are higher, as a result of using method 1, than they would have been if that information had been available."
OWENS-ILLINOIS HOLDING (AUSTRALIA) PTY LTD,30 002 060 059,"300,040","186,527","5,175,545",-
COLES GROUP LIMITED,11 004 089 936,"287,452","1,308,665","6,602,452",-
CSR LIMITED,90 000 001 276,"283,472","184,647","5,742,366",-
BAYBRICK PTY. LTD.,97 067 220 017,"273,776","225,682","3,280,478",-
DBNGP (WA) TRANSMISSION PTY LIMITED,69 081 609 190,"269,999","1,144","4,535,186",-
LIBERTY HOLDINGS AUSTRALIA LTD,16 627 011 938,"260,573","827,638","7,340,971",-
REMONDIS AUSTRALIA PTY LTD,95 002 429 781,"253,642","3,074","482,935",-
JELLINBAH GROUP PTY LTD,54 010 754 793,"252,556","7,258","2,208,772",-
MELBOURNE WATER CORPORATION,81 945 386 953,"251,223","262,537","1,713,635",-
JADESTONE ENERGY (AUSTRALIA) PTY LTD,48 613 671 819,"247,783",116,"3,961,234",-
REGIS RESOURCES LIMITED,28 009 174 761,"231,690",51,"3,340,290",-
WOLLONGONG COAL LIMITED,28 111 244 896,"228,142","9,282","44,601",-
GRANGE RESOURCES LIMITED,80 009 132 405,"225,739","36,379","4,506,374",-
WASTE ASSETS MANAGEMENT CORPORATION,56 784 733 957,"224,765","1,217","8,047",-
MINERAL RESOURCES LIMITED,33 118 549 910,"222,975","1,917","3,439,119",-
SIBELCO ASIA PACIFIC PTY LTD,70 092 916 811,"222,064","101,176","1,821,215",-
A.C.N. 630 698 716 PTY LTD,18 630 698 716,"216,965","32,381","1,065,616",-
ACP LANG STREET GROUP PTY LTD,14 639 265 642,"213,399","40,133","3,210,251",-
AUSNET SERVICES LTD.,45 603 317 559,"210,866","1,352,484","7,577,105",-
HOLCIM PARTICIPATIONS (AUSTRALIA) PTY LTD,46 122 401 405,"206,809","62,708","3,252,059",-
BRICKWORKS LTD,17 000 028 526,"204,134","75,500","4,393,092",-
NORTHERN STAR RESOURCES LTD,43 092 832 892,"202,055","134,291","3,980,461",-
FOXLEIGH MANAGEMENT PTY LTD,27 089 726 492,"200,394","14,748","2,030,374",-
ALLIANCE AVIATION SERVICES LIMITED,96 153 361 525,"197,836",850,"2,822,513",-
AUSCAN HOLDINGS PTY LIMITED,70 084 400 886,"197,726",50,"2,727,524",-
RATCH - AUSTRALIA CORPORATION PTY LTD,31 106 617 332,"196,046","7,184","2,728,430",-
LINFOX PROPRIETARY LIMITED,59 004 667 298,"188,353","35,798","2,846,927",-
NORSKE SKOG INDUSTRIES AUSTRALIA LIMITED,50 003 902 985,"186,034","292,037","5,678,322",-
SARACEN MINERAL HOLDINGS LIMITED,52 009 215 347,"179,187",61,"2,897,881",-
QUEENSLAND NITRATES PTY LTD,63 079 889 268,"173,086","46,244","3,354,309",-
BATCHFIRE RESOURCES PTY LTD,84 607 340 189,"168,283","45,588","2,605,609",-
A.C.N. 166 119 133 PTY LTD,31 166 119 133,"165,005","195,636","3,580,844",-
GOLDFIELDS POWER PTY LTD,81 062 186 243,"160,536",0,"2,167,896",-
EVOLUTION MINING LIMITED,74 084 669 036,"157,854","398,186","4,099,504",-
WILMAR AUSTRALIA HOLDINGS PTY LIMITED,79 144 972 743,"155,633","48,545","43,254,222",-
TRANSIT SYSTEMS PTY LTD,34 135 200 609,"154,758","4,814","2,323,142",-
A.A. SCOTT PROPRIETARY LIMITED,14 007 601 667,"150,351","5,929","2,172,759",-
TT-LINE COMPANY PTY. LTD.,39 061 996 174,"146,151",716,"2,044,927",-
TRONOX AUSTRALIND PTY LTD,20 125 123 784,"143,025","38,019","2,649,887",-
WESTGOLD RESOURCES LIMITED,60 009 260 306,"142,047","20,277","2,150,586",-
TRANSDEV AUSTRALASIA PTY LTD,40 079 303 816,"139,360","15,366","2,106,590",-
ONE RAIL AUSTRALIA HOLDINGS PTY LTD,53 132 989 998,"138,775","1,893","1,997,622",-
KALGOORLIE CONSOLIDATED GOLD MINES PTY LTD,97 009 377 619,"137,991","255,064","3,438,897",-
ENERGY QUEENSLAND LIMITED,96 612 535 583,"135,466","1,589,816","8,381,477",-
COBHAM AVIATION SERVICES AUSTRALIA PTY LTD,34 003 469 574,"128,899","1,447","1,844,643",-
TEYS AUSTRALIA PTY LTD,38 009 872 600,"126,680","106,279","1,684,897",-
TWENTIETH SUPER PACE NOMINEES PTY. LTD.,16 005 855 327,"126,528","5,860","1,825,551",-
AUSTRALIAN POSTAL CORPORATION,28 864 970 579,"125,917","138,018","2,452,376",-
FULTON HOGAN AUSTRALIA PTY LTD,42 135 849 115,"122,165","23,564","1,973,098",-
EASTERN METROPOLITAN REGIONAL COUNCIL,89 631 866 056,"120,736",707,"43,909",-
V/LINE CORPORATION,91 273 289 190,"119,586","14,902","1,749,477",-
RTA HOLDCO AUSTRALIA 1 PTY LTD,17 128 762 318,"118,095",0,"1,450,484",-
COMFORTDELGRO CORPORATION AUSTRALIA PTY LTD,84 002 072 004,"117,896","4,017","1,689,255",-
SILVER LAKE RESOURCES LIMITED,38 108 779 782,"113,381","24,417","1,883,346",-
BIG BEN HOLDINGS PTY. LIMITED,63 008 434 562,"113,012","32,626","1,527,751",-
LINDSAY AUSTRALIA LIMITED,81 061 642 733,"112,392","9,195","1,637,043",-
AUSTRALIAN PACIFIC COAL LIMITED,49 089 206 986,"112,089","4,527","20,615",-
STANMORE COAL LIMITED,27 131 920 968,"111,665","29,402","978,673",-
LEONE FAMILY HOLDINGS PTY LTD,69 618 356 586,"111,344","3,090","1,595,864",-
RIO TINTO SHIPPING (ASIA) PTE LTD,71 242 047 864,"111,279",0,"1,506,861",-
CCP VI VG HOLDINGS PTY LTD,41 630 151 530,"111,160","27,203","1,681,634",-
NEW ZEALAND MILK (AUSTRALASIA) PTY LTD,23 003 502 654,"110,999","110,317","2,551,966",-
KIMBERLY-CLARK PACIFIC HOLDINGS PTY LIMITED,59 095 905 294,"110,692","12,193","2,209,035",-
POWER AND WATER CORPORATION,15 947 352 360,"109,624","91,907","1,440,637",-
SILICON METAL COMPANY OF AUSTRALIA PTY LTD,73 009 401 736,"109,265","417,703","3,971,547",-
CLARKE ENERGY (AUSTRALIA) PTY. LTD.,20 086 492 935,"109,246",80,"1,368,067","Please note that where more than one person has operational control over a facility at the same time and no nomination of operational control has been made, data for the facility for the entire period must be reported by the controlling corporation of each entity with operational control. This results in the same facility being reported multiple times.
APT PIPELINES LIMITED and CLARKE ENERGY (AUSTRALIA) PTY. LTD., have each included the same data for the Daandine Power Station in their NGER reports. For further information refer to the 2019-20 greenhouse and energy information for designated generation facilities."
ATCO GAS AUSTRALIA GP PTY LTD,76 151 245 779,"107,412",195,"43,176",-
STATE TRANSIT AUTHORITY OF NSW,51 750 635 629,"106,195","4,420","1,620,821",-
BLONDIE TRADING PTY LTD,41 621 811 845,"105,653","1,543","1,521,279",-
RAMELIUS RESOURCES LIMITED,51 001 717 540,"105,208","35,227","1,847,953",-
DACIAN GOLD LIMITED,61 154 262 978,"104,336",50,"1,729,582",-
SEAROAD HOLDINGS PTY LTD,16 123 749 655,"102,482",889,"3,966,675",-
SOJITZ DEVELOPMENT PTY LTD,34 063 050 680,"101,697","25,807","1,559,703",-
CEVA PTY LTD,27 122 147 433,"97,364","5,913","1,408,625",-
SANDFIRE RESOURCES LIMITED,55 105 154 185,"97,038",80,"1,526,901",-
BOUNTY MINING LIMITED ( RECEIVERS & MANAGERS APPOINTED),19 107 411 067,"96,965","17,872","117,400",-
TRONOX MINERAL HOLDINGS AUSTRALIA PTY LTD,21 102 888 559,"95,661","74,309","1,717,135",-
REGIONAL EXPRESS HOLDINGS LIMITED,18 099 547 270,"94,464","1,648","1,354,048",-
CIMIC GROUP LIMITED,57 004 482 982,"93,301","39,603","1,825,684",-
THE TRUSTEE FOR THE MADDINGLEY MINE TRUST,63 604 564 597,"89,238",182,"786,095",-
MACKAY SUGAR LIMITED,12 057 463 671,"88,369","10,278","14,617,252",-
CONSOLIDATED BROKEN HILL INVESTMENTS PTY LTD,91 095 427 900,"87,267",236,"1,238,683",-
J.J. RICHARDS & SONS PTY LTD,40 000 805 425,"86,755","4,937","1,267,696",-
SOUTH AUSTRALIAN WATER CORPORATION,69 336 525 019,"85,340","192,383","2,450,940",-
TERRACOM LIMITED,35 143 533 537,"84,838","22,310","456,581",-
CONSOLIDATED MINERALS HOLDINGS (AUSTRALIA) PTY LIMITED,88 127 662 257,"84,810",58,"1,235,531",-
RON FINEMORE TRANSPORT PTY. LTD.,30 106 495 087,"83,080",406,"1,182,380",-
FOOD INVESTMENTS PTY. LIMITED,85 008 426 177,"82,337","136,919","2,075,578",-
KARARA MINING LIMITED,68 070 871 831,"82,268","407,302","3,352,210",-
ST BARBARA LIMITED,36 009 165 066,"80,439","1,133","1,459,489",-
BARALABA COAL COMPANY PTY LTD,42 096 909 634,"79,621","1,524","893,969",-
WESTSIDE CORPORATION PTY LIMITED,74 117 145 516,"79,176",687,"2,719,491",-
SOLSTAD AUSTRALIA PTY LTD,40 105 011 989,"77,733",23,"1,103,845",-
BGC (AUSTRALIA) PTY LTD,62 005 736 005,"77,047","61,304","1,651,931",-
SUSTAINABLE ENERGY INFRASTRUCTURE HOLDINGS PTY LIMITED,625 685 734,"76,896",0,"1,677,682",-
FQM AUSTRALIA HOLDINGS PTY LTD,77 136 613 075,"76,568",43,"1,158,803",-
SNOWY HYDRO LIMITED,17 090 574 431,"76,109","309,880","2,405,395",-
WATER CORPORATION,28 003 434 917,"75,573","684,515","3,997,318",-
OZ MINERALS LIMITED,40 005 482 824,"75,449","188,144","2,662,048",-
AIRWORK FLIGHT OPERATIONS PTY LTD,13 119 011 871,"75,096",0,"1,069,736",-
BAPSH PTY LIMITED,54 605 702 618,"74,209","4,935","1,080,507",-
USG BORAL BUILDING PRODUCTS PTY LIMITED,84 004 231 976,"74,197","40,223","1,619,824",-
MOUNT GIBSON IRON LIMITED,87 008 670 817,"73,680","1,303","1,074,004",-
CENTRAL SEQ DISTRIBUTOR-RETAILER AUTHORITY,86 673 835 011,"73,426","62,168","671,445",-
QS MAPS HOLDINGS NO. 3 PTY LTD,38 163 278 500,"72,185",253,"1,159,372",-
BINGO INDUSTRIES LIMITED,72 617 748 231,"70,777","5,667","312,237",-
LENDLEASE CORPORATION LIMITED,32 000 226 228,"70,711","146,821","1,707,955",-
BORG MANUFACTURING PTY LIMITED,31 003 246 357,"70,610","141,619","3,068,132",-
BEGA CHEESE LIMITED,81 008 358 503,"70,582","113,812","1,975,753",-
GRINDING MEDIA PTY LTD,47 615 611 759,"69,836","155,966","1,897,769",-
VERMILION OIL & GAS AUSTRALIA PTY LTD,29 113 023 591,"69,380",90,"874,854",-
COLLINS TRANSPORT GROUP PTY LTD,66 098 659 342,"69,045","4,883","1,009,773",-
GASCOYNE RESOURCES LIMITED,57 139 522 900,"67,734",22,"1,117,205",-
VEOLIA WATER AUSTRALIA PTY LTD,99 061 161 279,"67,032","346,598","2,517,860",-
BILLABONG GOLD PTY LTD,34 613 900 922,"66,296",0,"1,227,243",-
FLETCHER BUILDING (AUSTRALIA) PTY LTD,11 093 539 452,"65,588","259,066","6,122,801",-
SIMPLOT AUSTRALIA (HOLDINGS) PTY LIMITED,23 070 571 934,"65,450","30,863","1,455,090",-
ROMALY HOLDINGS PTY LTD,82 001 094 837,"65,170",405,"926,734",-
ICON WATER LIMITED,86 069 381 960,"64,870","155,726","915,287",-
TEEKAY HOLDINGS AUSTRALIA PTY LTD,12 125 391 880,"64,589",175,"902,788",-
LION PTY LTD,50 128 004 268,"64,123","147,175","1,811,721",-
CCCI AUSTRALIA PTY LTD,95 603 555 988,"63,977","116,031","1,420,914",-
IGO LIMITED,46 092 786 304,"63,535",174,"946,130",-
LOCHARD ENERGY (IONA OPERATIONS HOLDING) PTY LTD,23 608 441 041,"63,031","4,056","1,083,932",-
MINDARIE REGIONAL COUNCIL,17 015 003 687,"62,814",0,"12,243",-
KEOLIS AUSTRALIA PTY LTD,68 132 482 850,"62,558","101,795","1,263,014",-
RESOURCECO HOLDINGS PTY LTD,64 107 343 288,"61,144","2,336","270,444",-
MAINFREIGHT DISTRIBUTION PTY LIMITED,85 003 840 319,"61,002","6,780","897,144",-
THE TRUSTEE FOR COSTA'S UNIT TRUST,72 534 822 931,"60,522","73,036","1,068,466",-
QMAG LIMITED,68 111 279 906,"60,379","18,127","417,743",-
HYDRO-ELECTRIC CORPORATION,48 072 377 158,"59,315","15,118","1,477,175",-
WEALTH RESOURCES PTY LTD,34 162 882 840,"59,279",0,"606,782",-
VENTIA SERVICES GROUP PTY LIMITED,53 603 253 541,"58,550","4,935","856,226",-
SVITZER AUSTRALASIA HOLDINGS PTY LIMITED,16 120 555 302,"57,673","2,501","829,269",-
WAGGA WAGGA CITY COUNCIL,56 044 159 537,"57,648",37,"6,026",-
INGHAMS GROUP LIMITED,39 162 709 506,"57,607","167,160","1,751,885",-
NSW TRAINS,50 325 560 455,"57,455","153,190","1,500,867",-
ENI AUSTRALIA B.V.,18 092 812 023,"56,802",140,"1,069,949",-
BAIADA PTY LTD,47 000 426 808,"56,585","163,126","2,043,695",-
ASAHI HOLDINGS (AUSTRALIA) PTY LTD,48 135 315 767,"56,325","121,350","1,523,797",-
KINETIC TCO PTY LTD,20 601 251 067,"55,596","1,184","799,809",-
GOULBURN VALLEY REGION WATER CORPORATION,84 578 076 056,"54,743","23,004","129,031",-
CENTRAL PETROLEUM LIMITED,72 083 254 308,"54,742",116,"944,885",-
WILUNA MINING CORPORATION LIMITED,18 119 887 606,"54,564",32,"888,882",-
CITY OF KALGOORLIE-BOULDER,63 711 737 609,"54,238","4,535","74,115",-
ESPERANCE POWER STATION PTY LTD,24 086 409 949,"53,217",0,"809,542",-
NORTON GOLD FIELDS PTY LTD,23 112 287 797,"53,172","64,967","1,123,371",-
VENTURA MOTORS PROPRIETARY LIMITED,67 004 235 518,"52,784","2,187","762,534",-
LANCO RESOURCES AUSTRALIA PTY LTD,30 147 835 452,"52,769","5,695","735,690",-
RIDLEY CORPORATION LIMITED,33 006 708 765,"52,173","58,458","1,231,967",-
FORESTRY CORPORATION OF NEW SOUTH WALES,43 141 857 613,"51,828","1,050","741,708",-
ADAMAN RESOURCES PTY LTD,26 620 314 007,"51,782",42,"829,667",-
BOOTH TRANSPORT PTY LTD,98 007 678 622,"50,526","2,141","726,514",-
RED 5 LIMITED,73 068 647 610,"50,215",10,"845,314",-
A.J. BUSH & SONS PTY LTD,77 000 134 010,"48,037","15,607","799,701",-
KARORA RESOURCES PTY LTD,74 633 381 218,"47,968","16,767","787,177",-
HUME CITY COUNCIL,14 854 354 856,"47,579","16,641","179,230",-
CRAIG MOSTYN HOLDINGS PTY LIMITED,14 008 398 356,"46,290","21,057","458,925",-
SYDNEY WATER CORPORATION,49 776 225 038,"46,021","305,904","2,509,661",-
REGIONAL POWER CORPORATION,57 955 011 697,"45,093","22,731","752,018",-
FMR INVESTMENTS PTY LIMITED,009 411 349,"44,674","21,349","762,367",-
GRAINCORP LIMITED,60 057 186 035,"43,967","61,386","979,123",-
NH FOODS AUSTRALIA PTY LTD,87 001 548 401,"43,070","44,137","788,768",-
CEMENT AUSTRALIA PTY LIMITED,75 104 053 474,"42,977","42,150","844,902",-
THALES AUSTRALIA HOLDINGS PTY LTD,84 058 583 841,"42,811","44,528","553,583",-
SORBENT PAPER HOLDINGS PTY LTD,20 631 219 906,"42,130","118,927","1,235,540",-
KILCOY INDUSTRIES AUSTRALIA PTY LTD,16 125 927 308,"41,510","30,823","513,688",-
FINASUCRE INVESTMENTS (AUSTRALIA) PTY LIMITED,23 062 315 593,"41,265","17,048","3,371,502",-
NORTHERN CO-OPERATIVE MEAT COMPANY LIMITED,42 060 208 366,"40,920","22,099","258,193",-
FEDEX EXPRESS AUSTRALIA PTY LTD,51 624 271 487,"40,865","12,629","645,289",-
IMAGE RESOURCES NL,57 063 977 579,"40,299","9,834","638,088",-
ALDI FOODS PTY LIMITED,18 086 210 139,"39,157","229,028","1,511,997",-
KNAUF AUSTRALIA PTY LIMITED,86 003 621 181,"38,572","15,429","805,488",-
MINJAR GOLD PTY LTD,15 119 514 528,"37,907","46,214","767,397",-
EAGERS AUTOMOTIVE LIMITED,87 009 680 013,"37,290","35,590","826,667",-
YOLARNO PTY LTD,95 002 255 183,"36,794","19,432","315,419",-
LACTALIS AUSTRALIA PTY LTD,56 072 928 879,"36,589","106,282","1,155,768",-
NESTLE AUSTRALIA LTD,77 000 011 316,"36,147","104,594","1,496,055",-
TELSTRA CORPORATION LIMITED,33 051 775 556,"36,019","1,140,573","5,593,779",-
TASSAL GROUP LIMITED,15 106 067 270,"35,883","22,660","706,053",-
MARS WRIGLEY AUSTRALIA HOLDINGS PTY LTD,68 133 509 930,"34,826","66,781","851,565",-
HWG HOLDINGS PTY LIMITED,65 115 398 322,"34,687","19,267","364,058",-
BOC LIMITED,95 000 029 729,"34,322","431,446","2,441,942",-
ELECTRICITY NETWORKS CORPORATION,18 540 492 861,"33,824","698,452","4,027,135",-
RCI HOLDINGS PTY LTD,55 101 671 121,"33,121","60,967","723,904",-
CARGILL AUSTRALIA LIMITED,42 004 684 173,"33,111","23,507","748,230",-
WINDFIELD HOLDINGS PTY LTD,60 160 456 164,"32,795","59,546","784,922",-
QUEENSLAND RAIL,68 598 268 528,"32,757","255,363","1,605,492",-
UNITED MALT GROUP LIMITED,61 140 174 189,"32,372","27,137","741,463",-
RITCHIES STORES PROPRIETARY LIMITED,61 005 041 814,"32,127","71,338","293,198",-
VICTORIA POWER NETWORKS PTY LTD,37 116 940 820,"32,106","1,050,596","4,109,659",-
PTH NO 1 PTY LTD,43 611 116 155,"32,022","43,453","646,631",-
AURELIA METALS LIMITED,37 108 476 384,"31,687","62,234","822,228",-
GLADSTONE PORTS CORPORATION LIMITED,96 263 788 242,"30,804","60,549","709,022",-
MCCAIN FOODS (AUST) PTY LTD,96 000 629 587,"30,109","64,860","1,228,713",-
MMG MANAGEMENT PTY LTD,33 115 312 680,"29,371","117,802","1,581,269",-
PFD FOOD SERVICES PTY LTD,29 006 972 381,"29,010","40,505","572,924",-
ESSENTIAL ENERGY,37 428 185 226,"27,578","559,456","2,763,464",-
A B C TISSUE PRODUCTS PTY LTD,33 003 085 112,"27,276","60,333","791,679",-
PEPSICO FOODS GROUP PTY LTD,71 122 527 137,"26,735","25,868","647,080",-
CHEVRON AUSTRALIA PRODUCTS PTY LIMITED,26 147 978 890,"26,464","29,857","560,355",-
SNACKING INVESTMENTS HOLDCO PTY LIMITED,64 634 908 482,"25,737","47,318","716,937",-
COCA-COLA AMATIL LIMITED,26 004 139 397,"25,014","88,977","839,466",-
WESTERN AREAS LIMITED,68 091 049 357,"24,967","45,060","591,950",-
DORAL PTY LTD,85 008 902 841,"24,948","31,097","533,146",-
MONDELEZ AUSTRALIA HOLDINGS PTY LIMITED,86 004 880 817,"24,173","46,749","728,545",-
DP WORLD AUSTRALIA (HOLDING) PTY LTD,58 147 892 715,"24,116","44,029","529,461",-
AUSTRALIA PACIFIC AIRPORTS CORPORATION LIMITED,89 069 775 266,"23,968","32,163","567,930",-
AAPC LIMITED,87 009 175 820,"23,504","184,692","1,255,635",-
EMR CAPITAL GOLDEN GROVE PTY LTD,76 616 179 705,"23,396","95,231","845,926",-
KIRKLAND LAKE GOLD VICTORIA HOLDINGS PTY LTD,21 128 442 375,"23,013","123,691","784,836",-
ASSOCIATED KILN DRIERS PTY. LIMITED,34 004 341 048,"22,976","63,652","2,160,810",-
CROWN RESORTS LIMITED,39 125 709 953,"22,413","115,683","888,383",-
AUSGRID MANAGEMENT PTY LTD,83 615 449 548,"21,951","789,287","3,637,838",-
NORTHERN SEQ DISTRIBUTOR - RETAILER AUTHORITY,89 791 717 472,"21,792","55,423","312,245",-
STOCKLAND CORPORATION LTD,43 000 181 733,"21,016","54,047","599,075",-
BIDFOOD AUSTRALIA LIMITED,33 000 228 231,"20,119","30,535","331,685",-
D. & R. HENDERSON PTY LTD,22 000 449 392,"19,432","36,215","616,790",-
WILMAR GF HOLDINGS AUSTRALIA PTY LTD,55 600 457 430,"19,347","37,903","528,215",-
MATER MISERICORDIAE LTD,83 096 708 922,"18,846","56,938","508,362",-
MONASH UNIVERSITY,12 377 614 012,"18,776","101,762","729,408",-
EPSILON DISTRIBUTION MINISTERIAL HOLDING CORPORATION,59 253 130 878,"18,396","613,498","2,867,034",-
CSL LIMITED,99 051 588 348,"17,844","75,288","609,068",-
PACT GROUP HOLDINGS LTD,55 145 989 644,"17,620","208,162","1,244,866",-
AERIS RESOURCES LIMITED,30 147 131 977,"17,484","68,633","553,030",-
QUEENSLAND ELECTRICITY TRANSMISSION CORPORATION LIMITED,82 078 849 233,"17,446","1,140,775","5,100,955",-
RAMSAY HEALTH CARE LIMITED,57 001 288 768,"17,393","155,695","1,009,936",-
HEALTHSCOPE PTY LTD,65 144 840 639,"17,306","92,889","752,605",-
DEXUS HOLDINGS PTY LIMITED,48 110 366 946,"17,187","118,513","644,544",-
SCENTRE GROUP LIMITED,66 001 671 496,"16,314","232,546","1,195,374",-
CKI UTILITIES DEVELOPMENT LIMITED & OTHERS,13 332 330 749,"16,283","405,119","3,513,278",-
AUSTIN HEALTH,96 237 388 063,"15,719","45,317","463,557",-
OVATO LIMITED,39 050 148 644,"15,606","62,752","579,768",-
UNIVERSITY OF MELBOURNE,84 002 705 224,"15,435","114,315","711,691",-
OLAM ORCHARDS AUSTRALIA PTY LTD,15 139 442 532,"14,511","93,755","555,754",-
NSW ELECTRICITY NETWORKS OPERATIONS PTY LIMITED,609 169 959,"14,429","1,336,619","5,996,303",-
COMPETITIVE FOODS AUSTRALIA PTY LTD,48 010 542 908,"14,394","120,857","820,448",-
ST JOHN OF GOD HEALTH CARE INC,21 930 207 958,"14,270","60,481","545,634",-
AUSTRALIAN NATIONAL UNIVERSITY,52 234 063 906,"14,249","82,387","628,911",-
PERILYA LIMITED,85 009 193 695,"14,196","136,072","849,361",-
TRILITY GROUP PTY LTD,39 144 522 565,"13,666","124,656","994,502",-
PATTIES FOODS PTY LIMITED,62 007 157 182,"13,227","39,588","380,426",-
MONASH HEALTH,82 142 080 338,"13,166","63,783","484,375",-
QIC LIMITED,95 942 373 762,"12,630","107,449","598,670",-
COMMONWEALTH SCIENTIFIC AND INDUSTRIAL RESEARCH ORGANISATION,41 687 119 230,"12,417","88,962","647,551",-
ST VINCENT'S HEALTH AUSTRALIA LTD,75 073 503 536,"12,202","90,644","613,457",-
NATIONAL AUSTRALIA BANK LIMITED,12 004 044 937,"11,890","77,512","517,446",-
CAPRICORN COPPER HOLDINGS PTY LTD,60 608 241 121,"11,835","66,967","472,611",-
EVENT HOSPITALITY AND ENTERTAINMENT LTD,51 000 005 103,"11,791","109,608","713,928",-
THE UNITING CHURCH IN AUSTRALIA PROPERTY TRUST (Q.),25 548 385 225,"11,576","76,318","519,941",-
CO-OPERATIVE BULK HANDLING LIMITED,29 256 604 947,"11,553","44,557","394,151",-
SYDNEY TRAINS,38 284 779 682,"11,510","537,765","2,540,145",-
NUFARM LIMITED,37 091 323 312,"11,256","40,912","349,305",-
CHARTER HALL LIMITED,57 113 531 150,"10,669","92,917","485,610",-
RESOLUTE MINING LIMITED,39 097 088 689,"10,580","41,130","336,609",-
CHEMCO PTY LTD,68 008 725 817,"10,169","127,514","835,417",-
SOUTH METROPOLITAN HEALTH SERVICE,92 264 056 442,"9,619","41,973","400,470",-
IX INFRASTRUCTURE PTY LTD,78 629 750 401,"9,452","140,107","955,737",-
THE STAR ENTERTAINMENT GROUP LIMITED,85 149 629 023,"9,417","85,991","559,724",-
CMOC MINING PTY LIMITED,17 164 997 317,"8,894","209,895","1,064,920",-
EPWORTH FOUNDATION,97 420 694 950,"8,850","44,926","330,124",-
CBH RESOURCES LIMITED,27 009 423 858,"8,625","90,698","527,743",-
SONIC HEALTHCARE LIMITED,24 004 196 909,"8,450","56,529","384,187",-
PUBLIC TRANSPORT AUTHORITY OF WESTERN AUSTRALIA,61 850 109 576,"8,212","140,420","851,212",-
GPT MANAGEMENT HOLDINGS LIMITED,67 113 510 188,"8,187","83,863","471,952",-
ISPT PTY LTD,28 064 041 283,"8,127","60,089","338,619",-
DEAKIN UNIVERSITY,56 721 584 203,"7,728","47,982","318,580",-
UNIVERSITY OF NEW SOUTH WALES,57 195 873 179,"7,544","75,367","484,367",-
COMMONWEALTH BANK OF AUSTRALIA,48 123 123 124,"7,536","96,134","549,118",-
METCASH LIMITED,32 112 073 480,"7,364","65,584","412,551",-
WA COUNTRY HEALTH SERVICE,28 680 145 816,"7,332","45,585","355,217",-
TASMANIAN NETWORKS PTY LTD,24 167 357 299,"7,220","65,361","1,626,612",-
VILO ENTERPRISES PTY LTD,070 890 229,"7,083","45,159","277,038",-
MIRVAC LIMITED,92 003 280 699,"6,841","70,254","425,226",-
UNIVERSITY OF SYDNEY,15 211 513 464,"6,785","92,252","541,943",-
AMP LIMITED,49 079 354 519,"6,783","83,518","479,190",-
HOLIDAY INNS HOLDINGS (AUSTRALIA) PTY. LIMITED,95 003 621 216,"6,682","44,997","324,442",-
PFG TOPCO1 PTY LIMITED,35 604 317 875,"6,609","72,101","411,024",-
SYDNEY AIRPORT LIMITED,18 165 056 360,"6,568","81,949","481,718",-
SUN METALS HOLDINGS LIMITED,30 051 538 580,"6,561","599,164","3,159,449",-
AIR LIQUIDE AUSTRALIA LIMITED,57 004 385 782,"6,532","212,749","1,355,658",-
HARVEY NORMAN HOLDINGS LTD,54 003 237 545,"6,300","108,662","583,328",-
METRO TRAINS MELBOURNE PTY. LTD.,43 136 429 948,"6,056","474,097","1,768,890",-
TOGA PTY. LTD.,27 000 926 947,"5,971","44,629","316,185",-
WESTPAC BANKING CORPORATION,33 007 457 141,"5,694","95,786","500,234",-
NEWS AUSTRALIA HOLDINGS PTY LIMITED,32 105 197 028,"5,389","82,648","457,306",-
VICINITY LIMITED,90 114 757 783,"5,148","133,008","730,287",-
AMCOR PTY LTD,62 000 017 372,"5,120","45,102","264,629",-
NBN CO LIMITED,86 136 533 741,"5,112","294,002","1,376,200",-
FITNESS AND LIFESTYLE GROUP TOPCO PTY LTD,50 614 113 192,"4,243","47,743","297,752",-
AUSTRALIA AND NEW ZEALAND BANKING GROUP LIMITED,11 005 357 522,"3,951","97,136","437,710",-
SUNWATER LIMITED,17 020 276 523,"3,687","177,526","840,754",-
AUSTRALIAN NUCLEAR SCIENCE AND TECHNOLOGY ORGANISATION,47 956 969 590,"3,570","57,180","247,450",-
EMERGENT COLD TOPCO PTY LTD,80 622 089 909,"3,494","95,672","435,284",-
MYER HOLDINGS LIMITED,14 119 085 602,"3,413","110,331","503,854",-
OSIRIS HOLDINGS PTY LTD,29 168 919 391,"3,355","70,478","333,567",-
ELECTRANET PTY LIMITED,41 094 482 416,"3,322","162,991","1,337,320",-
TRANSURBAN HOLDINGS LIMITED,86 098 143 429,"3,203","134,995","624,118",-
VILLAGE ROADSHOW LIMITED,43 010 672 054,"2,989","47,046","250,254",-
QUEENSLAND BULK WATER SUPPLY AUTHORITY,75 450 239 876,"2,346","110,497","522,514",-
WATER NSW,21 147 934 787,"2,252","62,570","310,125",-
SINGAPORE TELECOM AUSTRALIA INVESTMENTS PTY LIMITED,69 096 686 190,"1,833","412,483","1,831,233",-
A.C.N. 085 239 998 PTY LTD,39 085 239 998,"1,644","170,058","789,606",-
THE UNIVERSITY OF QUEENSLAND,63 942 912 684,"1,504","106,486","529,937",-
FREQUENCY INFRASTRUCTURE AUSTRALIA HOLDINGS PTY LTD,27 136 262 952,"1,241","73,015","360,057",-
EQUINIX AUSTRALIA PTY LIMITED,25 092 807 264,"1,198","297,414","1,271,291",-
DALRYMPLE BAY COAL TERMINAL PTY. LTD.,12 010 268 167,"1,189","81,474","381,036",-
ALIAXIS HOLDINGS AUSTRALIA PTY LIMITED,33 169 799 080,"1,036","57,706","277,546",-
FUJITSU AUSTRALIA LTD,19 001 011 427,998,"120,615","544,228",-
SUPER RETAIL GROUP LIMITED,81 108 676 204,829,"64,930","301,433",-
R.G. WITHERS NOMINEES PTY. LTD.,005 620 860,797,"125,063","529,230",-
AMAZON CORPORATE SERVICES PTY LTD,95 082 931 600,771,"134,104","606,756",-
PORT WARATAH COAL SERVICES LTD,99 001 363 828,484,"118,090","531,847",-
NEXTDC LIMITED,35 143 582 521,433,"218,605","906,422",-
TPG TELECOM LIMITED,76 096 304 620,382,"162,620","739,175",-
NCIG HOLDINGS PTY LTD,98 124 700 483,333,"67,590","305,942",-
JB HI-FI LIMITED,80 093 220 136,247,"66,529","293,728",-
MCDONALD'S AUSTRALIA LIMITED,43 008 496 928,232,"79,024","349,138",-
AIRTRUNK AUSTRALIA HOLDING PTY LTD,50 616 379 232,132,"94,528","397,923",-
DIGITAL AUSTRALIA INVESTMENT MANAGEMENT PTY LIMITED,27 150 294 134,98,"52,544","215,987",-
GLOBAL SWITCH AUSTRALIA PTY LIMITED,65 094 338 333, 92 ,"137,617"," 612,953 ",-
LYONDELLBASELL AUSTRALIA (HOLDINGS) PTY LTD,74 066 270 237, 2 ,"64,392"," 63,913 ",-
